{
	"tracker": {
		"x": 4.006666666666667,
		"y": -4.733666666666667
	},	"beacon0": {
		"id": 0,
		"x":0,
		"y":0,
		"distance":1
	},	"beacon1": {
		"id": 1,
		"x":5.2,
		"y":0,
		"distance":2
	},	"beacon2": {
		"id": 2,
		"x":3,
		"y":4,
		"distance":2
	}}